Metric,Value
Best CV RMSE,212499453.7962346
Best CV MAE,94316174.69574885
Best CV R2,0.08337143708938755
Train RMSE,196486235.65164843
Test RMSE,166124891.96371293
Train MAE,84362920.3675492
Test MAE,83510010.78982498
Train MedianAE,21106950.56142969
Test MedianAE,28798029.408780612
Train R2,0.21666442304256028
Test R2,0.1803802266161263
Search Time (s),6.9989605999999185
Best Params,{'regressor__model__alpha': 25.0}
